date,classification,sentiment_group,trades,total_pnl,mean_pnl,win_rate,avg_trade_size,directional_trades
2023-05-01,Greed,Greed,3,0.0,0.0,0.0,159.0,3
2023-12-05,Extreme Greed,Greed,9,0.0,0.0,0.0,5556.203333333334,9
2023-12-14,Greed,Greed,11,-205.43473700000007,-18.675885181818188,0.36363636363636365,10291.213636363636,11
2023-12-15,Greed,Greed,2,-24.632033999999997,-12.316016999999999,0.0,5304.975,2
2023-12-16,Greed,Greed,3,0.0,0.0,0.0,5116.256666666667,3
2023-12-17,Greed,Greed,14,304.982785,21.78448464285714,0.5,8305.572857142857,14
2023-12-18,Greed,Greed,2,0.0,0.0,0.0,15582.089999999998,2
2023-12-19,Greed,Greed,15,1000.5386120000001,66.70257413333334,0.6666666666666666,6106.827333333334,15
2023-12-20,Greed,Greed,18,162.732282,9.040682333333333,0.4444444444444444,7868.710555555556,18
2023-12-21,Greed,Greed,49,537.211402,10.963498000000001,0.5306122448979592,2555.795306122449,49
2023-12-22,Greed,Greed,10,141.832675,14.1832675,0.2,8887.428,10
2023-12-23,Greed,Greed,13,146.936704,11.302823384615383,0.6153846153846154,6033.711538461538,13
2023-12-24,Greed,Greed,39,1008.619956,25.862050153846155,0.38461538461538464,10332.177948717948,39
2023-12-25,Greed,Greed,3,-245.081348,-81.69378266666666,0.0,19982.836666666666,3
2023-12-27,Greed,Greed,28,-704.8892269999999,-25.174615249999995,0.14285714285714285,6121.823571428571,28
2023-12-28,Greed,Greed,23,-970.730876,-42.20569026086957,0.0,4352.923913043478,23
2023-12-29,Greed,Greed,50,508.92214299999995,10.178442859999999,0.3,11391.1944,50
2023-12-30,Greed,Greed,52,354.998648,6.826897076923077,0.4423076923076923,13510.58096153846,52
2024-01-01,Greed,Greed,18,-129.53146,-7.196192222222223,0.05555555555555555,14679.973888888888,18
2024-01-02,Greed,Greed,17,783.979116,46.11641858823529,0.47058823529411764,7138.1611764705885,17
2024-01-03,Greed,Greed,67,866.015507,12.925604582089552,0.417910447761194,5888.050149253731,67
2024-01-04,Greed,Greed,5,-67.60364,-13.520728,0.0,19958.508,5
2024-01-05,Greed,Greed,66,164.141565,2.486993409090909,0.19696969696969696,25817.31303030303,66
2024-01-06,Greed,Greed,22,135.58166400000002,6.16280290909091,0.45454545454545453,13569.154545454547,22
2024-01-07,Greed,Greed,97,-835.681235,-8.615270463917525,0.09278350515463918,10812.887216494846,97
2024-01-08,Greed,Greed,128,-269.874439,-2.1083940546875,0.25,11894.159609375,128
2024-01-09,Extreme Greed,Greed,70,-826.349863,-11.804998042857143,0.2571428571428571,12429.313857142857,70
2024-01-10,Greed,Greed,193,-1517.091342,-7.860576901554404,0.21243523316062177,10660.515440414507,193
2024-01-11,Extreme Greed,Greed,21,-164.08950099999998,-7.813785761904761,0.23809523809523808,14538.766666666666,21
2024-01-12,Greed,Greed,7,-1925.519024,-275.0741462857143,0.0,28583.181428571428,7
2024-01-15,Neutral,Neutral,14,152.85358,10.918112857142857,0.6428571428571429,3616.8642857142854,14
2024-01-16,Greed,Greed,9,-2299.171458,-255.4634953333333,0.3333333333333333,12936.37,9
2024-01-17,Greed,Greed,53,813.2741110000001,15.344794547169812,0.20754716981132076,15110.019433962265,53
2024-01-18,Greed,Greed,46,68.93319,1.4985476086956522,0.06521739130434782,9231.120217391304,46
2024-01-19,Neutral,Neutral,48,-385.419235,-8.029567395833334,0.125,8925.603541666665,48
2024-01-20,Neutral,Neutral,106,-146.57487000000003,-1.3827817924528305,0.14150943396226415,10095.193490566038,106
2024-01-21,Greed,Greed,11,266.58114600000005,24.234649636363642,0.2727272727272727,9375.43090909091,11
2024-01-22,Greed,Greed,85,1375.640959,16.18401128235294,0.27058823529411763,3975.0469411764707,85
2024-01-23,Neutral,Neutral,45,-369.2447299999998,-8.20543844444444,0.24444444444444444,9211.531777777778,45
2024-01-24,Neutral,Neutral,68,-2808.353815,-41.29932080882353,0.14705882352941177,14192.42044117647,68
2024-01-25,Neutral,Neutral,6,-3093.6293849999997,-515.6048975,0.0,11094.355000000001,6
2024-01-26,Neutral,Neutral,5,90.2,18.04,0.2,2354.642,5
2024-01-28,Neutral,Neutral,11,-2478.06972,-225.27906545454545,0.0,1646.2754545454545,11
2024-01-29,Greed,Greed,74,486.562542,6.5751694864864865,0.6081081081081081,5597.407837837838,74
2024-01-30,Greed,Greed,49,-173.65419100000003,-3.5439630816326537,0.10204081632653061,8183.905714285715,49
2024-01-31,Greed,Greed,859,-799.840817,-0.93113017112922,0.2689173457508731,7340.683504074505,859
2024-02-01,Greed,Greed,6,0.0,0.0,0.0,334.69666666666666,6
2024-02-02,Greed,Greed,42,456.423473,10.867225547619048,0.30952380952380953,11292.343571428572,42
2024-02-03,Greed,Greed,56,223.30918699999998,3.9876640535714283,0.10714285714285714,10782.5,56
2024-02-04,Greed,Greed,35,47.62389499999999,1.360682714285714,0.2571428571428571,5805.358,35
2024-02-05,Greed,Greed,72,-33.45419400000003,-0.4646415833333337,0.19444444444444445,10697.198055555556,72
2024-02-06,Greed,Greed,1088,-215.615907,-0.19817638511029412,0.1645220588235294,7396.280707720588,1088
2024-02-07,Greed,Greed,15,241.24212,16.082808,0.13333333333333333,450.582,15
2024-02-08,Greed,Greed,10,770.756024,77.07560240000001,0.4,2605.112,10
2024-02-11,Greed,Greed,34,983.443176,28.924799294117648,0.20588235294117646,6244.465294117647,34
2024-02-12,Greed,Greed,16,913.8817869999998,57.11761168749999,0.375,14202.981249999999,16
2024-02-13,Extreme Greed,Greed,14,559.44389,39.960277857142856,1.0,142.85642857142858,14
2024-02-14,Greed,Greed,111,3830.599833,34.509908405405405,0.7477477477477478,2890.4493693693694,111
2024-02-15,Greed,Greed,63,1840.797677,29.219010746031746,0.9047619047619048,2939.4926984126987,63
2024-02-16,Greed,Greed,182,5491.768834,30.174554032967034,0.8021978021978022,3103.826978021978,182
2024-02-17,Extreme Greed,Greed,94,1929.6418,20.52810425531915,0.648936170212766,4320.405,94
2024-02-18,Greed,Greed,97,477.6248299999999,4.923967319587628,0.6288659793814433,1619.0532989690723,97
2024-02-19,Extreme Greed,Greed,101,4317.768563,42.750183792079206,0.7623762376237624,2835.417821782178,101
2024-02-20,Greed,Greed,39,3263.628824,83.68279035897436,0.7948717948717948,3062.0441025641026,39
2024-02-21,Extreme Greed,Greed,22,1858.7985700000002,84.49084409090909,0.6818181818181818,4911.250909090909,22
2024-02-22,Greed,Greed,88,3894.1050699999996,44.25119397727272,0.45454545454545453,4239.02125,88
2024-02-23,Extreme Greed,Greed,143,1418.55293,9.91995055944056,0.958041958041958,776.966013986014,143
2024-02-25,Greed,Greed,5,-30.7705,-6.1541,0.0,896.0260000000001,5
2024-02-26,Greed,Greed,39,4416.8473,113.25249487179488,0.8717948717948718,4927.875384615385,39
2024-02-27,Extreme Greed,Greed,63,888.511733,14.103360841269842,0.4126984126984127,3323.2111111111108,63
2024-02-28,Extreme Greed,Greed,45,2503.747235,55.63882744444444,0.8666666666666667,3802.380666666667,45
2024-02-29,Extreme Greed,Greed,116,9813.996992,84.60342234482759,0.8620689655172413,3410.9200862068965,116
2024-03-01,Extreme Greed,Greed,137,8244.241409,60.176944591240876,0.9343065693430657,3452.370072992701,137
2024-03-02,Extreme Greed,Greed,31,230.90060000000005,7.448406451612905,0.6774193548387096,2038.6309677419354,31
2024-03-03,Extreme Greed,Greed,79,8361.086245,105.83653474683545,0.6835443037974683,4946.1478481012655,79
2024-03-04,Extreme Greed,Greed,300,27799.775742,92.66591914,0.8866666666666667,5259.989566666667,300
2024-03-05,Extreme Greed,Greed,180,19791.026041,109.95014467222222,0.9055555555555556,4676.724,180
2024-03-06,Extreme Greed,Greed,82,6814.825139,83.10762364634145,0.8780487804878049,3990.4636585365856,82
2024-03-08,Extreme Greed,Greed,67,4271.886236,63.7594960597015,0.8805970149253731,2740.047462686567,67
2024-03-09,Extreme Greed,Greed,117,9949.501624,85.03847541880343,0.8290598290598291,5625.459401709401,117
2024-03-10,Extreme Greed,Greed,42,2482.9272,59.117314285714286,0.6904761904761905,5237.472619047619,42
2024-03-11,Extreme Greed,Greed,42,3588.179495,85.43284511904761,0.9285714285714286,4202.844047619047,42
2024-03-12,Extreme Greed,Greed,8,3039.166,379.89575,0.875,12880.10625,8
2024-03-13,Extreme Greed,Greed,7,0.0,0.0,0.0,857.2571428571428,7
2024-03-14,Extreme Greed,Greed,18,3465.865832,192.5481017777778,0.8888888888888888,11440.732222222221,18
2024-03-15,Extreme Greed,Greed,62,6236.513651,100.58892985483871,0.6612903225806451,5675.71629032258,62
2024-03-16,Extreme Greed,Greed,8,228.57984,28.57248,0.125,4652.9575,8
2024-03-17,Extreme Greed,Greed,23,503.293955,21.882345869565217,0.43478260869565216,4326.389130434783,23
2024-03-18,Extreme Greed,Greed,19,1456.9577,76.68198421052631,0.3157894736842105,4760.951578947369,19
2024-03-19,Extreme Greed,Greed,24,668.797973,27.86658220833333,0.20833333333333334,9161.868333333334,24
2024-03-20,Greed,Greed,69,6423.134599,93.08890723188406,0.8695652173913043,3126.171739130435,69
2024-03-21,Extreme Greed,Greed,28,2335.5080749999997,83.41100267857142,0.8214285714285714,4210.556071428572,28
2024-03-24,Greed,Greed,19,1297.018477,68.26413036842105,0.7894736842105263,4873.274210526315,19
2024-03-25,Extreme Greed,Greed,7,1302.916428,186.13091828571427,0.8571428571428571,8159.4742857142855,7
2024-03-26,Extreme Greed,Greed,118,3215.906593,27.253445703389833,0.9322033898305084,1682.7558474576272,118
2024-03-27,Extreme Greed,Greed,38,150.41114,3.9581878947368416,0.3157894736842105,2628.020789473684,38
2024-03-28,Extreme Greed,Greed,13,227.85100799999998,17.527000615384615,0.6923076923076923,2717.209230769231,13
2024-03-29,Extreme Greed,Greed,15,883.097404,58.873160266666666,0.4,5794.291333333333,15
2024-03-30,Extreme Greed,Greed,45,1100.57514,24.45722533333333,0.9777777777777777,2246.753777777778,45
2024-03-31,Extreme Greed,Greed,13,912.786145,70.21431884615384,0.7692307692307693,3070.2276923076925,13
2024-04-01,Extreme Greed,Greed,77,2507.963406,32.57095332467532,0.5454545454545454,4408.7074025974025,77
2024-04-02,Extreme Greed,Greed,41,883.760812,21.555141756097562,0.2926829268292683,5845.475853658536,41
2024-04-03,Greed,Greed,4,126.7884,31.6971,0.25,4221.8925,4
2024-04-04,Greed,Greed,32,0.0,0.0,0.0,2999.6165625,32
2024-04-05,Extreme Greed,Greed,100,10706.484306,107.06484306,0.9,5037.918,100
2024-04-06,Extreme Greed,Greed,16,236.33513399999998,14.770945874999999,0.25,4263.979375,16
2024-04-07,Extreme Greed,Greed,23,0.0,0.0,0.0,2173.397391304348,23
2024-04-08,Extreme Greed,Greed,30,1218.4267,40.614223333333335,0.03333333333333333,7064.688,30
2024-04-09,Extreme Greed,Greed,3,0.0,0.0,0.0,19021.280000000002,3
2024-04-10,Extreme Greed,Greed,41,5207.443414,127.01081497560976,0.8780487804878049,8578.926097560974,41
2024-04-11,Extreme Greed,Greed,16,389.743164,24.35894775,0.125,4775.06,16
2024-04-12,Extreme Greed,Greed,129,-592.6458390000001,-4.594153790697676,0.5503875968992248,3427.0433333333335,129
2024-04-13,Greed,Greed,89,6621.451755,74.3983343258427,0.6853932584269663,5465.294943820225,89
2024-04-14,Greed,Greed,107,-36104.012520000004,-337.4206777570094,0.308411214953271,6160.394112149533,107
2024-04-15,Greed,Greed,41,3774.08872,92.05094439024391,0.8536585365853658,7100.272926829269,41
2024-04-16,Greed,Greed,47,2467.702221,52.504302574468085,0.9148936170212766,3870.3653191489366,45
2024-04-17,Greed,Greed,14,2441.4683999999997,174.39059999999998,0.9285714285714286,6968.785000000001,14
2024-04-19,Greed,Greed,35,1946.4454620000001,55.61272748571429,0.7714285714285715,9635.940571428573,35
2024-04-20,Greed,Greed,22,0.0,0.0,0.0,2760.601818181818,2
2024-04-22,Greed,Greed,9,0.0,0.0,0.0,5332.623333333333,9
2024-04-23,Greed,Greed,66,1119.536196,16.962669636363636,0.5303030303030303,3531.1348484848486,66
2024-04-24,Greed,Greed,20,279.185907,13.95929535,0.3,7063.762,20
2024-04-25,Greed,Greed,74,0.0,0.0,0.0,1624.8785135135136,6
2024-04-26,Greed,Greed,3,0.0,0.0,0.0,1662.7633333333335,0
2024-04-27,Greed,Greed,27,4281.488139,158.57363477777778,0.7037037037037037,5713.498888888889,27
2024-04-28,Greed,Greed,58,0.0,0.0,0.0,758.3724137931034,8
2024-04-29,Greed,Greed,45,526.9338359999999,11.709640799999999,0.37777777777777777,2415.5335555555553,31
2024-04-30,Greed,Greed,24,0.0,0.0,0.0,5209.114583333333,24
2024-05-01,Neutral,Neutral,14,0.0,0.0,0.0,6216.103571428571,14
2024-05-03,Neutral,Neutral,36,5306.017045,147.3893623611111,0.4722222222222222,7852.295833333333,30
2024-05-04,Greed,Greed,9,0.0,0.0,0.0,6555.416666666667,9
2024-05-05,Greed,Greed,6,0.916,0.15266666666666667,0.16666666666666666,4011.391666666667,6
2024-05-06,Greed,Greed,9,968.59038,107.62115333333333,0.4444444444444444,22890.714444444442,9
2024-05-07,Greed,Greed,18,883.537693,49.08542738888889,0.5,6039.865555555556,13
2024-05-08,Greed,Greed,13,1.56576,0.12044307692307693,0.07692307692307693,5074.89,13
2024-05-09,Greed,Greed,28,1147.595856,40.985566285714285,0.39285714285714285,7927.361428571428,25
2024-05-10,Greed,Greed,22,2101.741695,95.53371340909092,0.2727272727272727,7131.0,22
2024-05-11,Neutral,Neutral,9,251.604742,27.956082444444444,1.0,7027.661111111111,9
2024-05-12,Greed,Greed,23,0.0,0.0,0.0,2399.111304347826,17
2024-05-13,Greed,Greed,28,2136.853859,76.31620925,0.35714285714285715,6897.103571428571,25
2024-05-14,Greed,Greed,23,1150.5233050000002,50.02275239130436,0.17391304347826086,6341.452173913043,23
2024-05-15,Greed,Greed,36,948.970582,26.360293944444447,0.4722222222222222,6525.626944444444,36
2024-05-16,Greed,Greed,27,214.5898,7.94777037037037,0.18518518518518517,6022.998518518518,24
2024-05-18,Greed,Greed,25,3522.3946610000003,140.89578644000002,0.64,5052.1256,25
2024-05-19,Greed,Greed,8,0.0,0.0,0.0,3749.76125,8
2024-05-20,Greed,Greed,10,-74.818442,-7.4818442,0.0,3812.475,10
2024-05-21,Extreme Greed,Greed,125,7289.397571999999,58.31518057599999,0.112,8807.588720000002,125
2024-05-22,Extreme Greed,Greed,6,0.0,0.0,0.0,7499.215,6
2024-05-23,Extreme Greed,Greed,325,413.347329,1.2718379353846154,0.4461538461538462,1236.4633846153845,325
2024-05-24,Greed,Greed,2,821.949278,410.974639,1.0,25405.949999999997,2
2024-05-25,Extreme Greed,Greed,16,14.126038999999999,0.8828774374999999,0.3125,1874.4456249999998,16
2024-05-26,Extreme Greed,Greed,16,778.6839,48.66774375,0.25,3373.541875,16
2024-05-27,Greed,Greed,251,1129.35587,4.499425776892431,0.35856573705179284,602.0546613545816,251
2024-05-29,Greed,Greed,164,277.791953,1.6938533719512194,0.4146341463414634,513.8339024390243,159
2024-05-30,Greed,Greed,7,20.951433,2.9930618571428576,0.7142857142857143,405.4414285714286,7
2024-05-31,Greed,Greed,13,25.35812,1.9506246153846154,0.3076923076923077,279.70307692307694,13
2024-06-01,Greed,Greed,25,91.510419,3.66041676,0.36,513.3848,25
2024-06-02,Greed,Greed,93,192.906947,2.074268247311828,0.3655913978494624,316.822688172043,93
2024-06-03,Greed,Greed,70,562.808208,8.040117257142859,0.6285714285714286,306.66942857142857,70
2024-06-04,Greed,Greed,53,52.211438,0.9851214716981133,0.4716981132075472,457.42283018867926,53
2024-06-05,Extreme Greed,Greed,54,56.055506,1.038064925925926,0.2962962962962963,469.4587037037037,54
2024-06-06,Extreme Greed,Greed,234,274.173187,1.1716802863247862,0.42735042735042733,587.8536752136753,234
2024-06-07,Extreme Greed,Greed,440,8902.467416,20.23288049090909,0.4,2496.7926363636366,426
2024-06-08,Greed,Greed,29,129.13883900000002,4.453063413793104,0.27586206896551724,3356.961379310345,29
2024-06-09,Extreme Greed,Greed,17,0.0,0.0,0.0,1318.2482352941176,5
2024-06-10,Greed,Greed,53,31.266804999999998,0.589939716981132,0.33962264150943394,879.0175471698113,53
2024-06-11,Greed,Greed,123,4320.631811,35.12708789430894,0.13821138211382114,3034.7960975609753,62
2024-06-12,Greed,Greed,254,-21886.531493,-86.16744682283463,0.08267716535433071,761.4486614173228,217
2024-06-13,Greed,Greed,79,6632.757115,83.95895082278481,0.24050632911392406,1678.1926582278481,21
2024-06-14,Greed,Greed,31,10258.592609,330.9223422258064,0.4838709677419355,4511.892258064517,31
2024-06-15,Greed,Greed,78,3369.958346,43.20459417948718,0.48717948717948717,9209.61858974359,78
2024-06-16,Greed,Greed,11,0.0,0.0,0.0,2294.0981818181817,11
2024-06-17,Greed,Greed,38,10599.502375,278.9342730263158,0.6578947368421053,9694.213684210526,38
2024-06-18,Greed,Greed,25,282.57636,11.3030544,0.16,10532.5916,25
2024-06-19,Greed,Greed,61,4887.656944,80.12552367213115,0.5081967213114754,6837.231475409836,38
2024-06-20,Greed,Greed,39,57478.456026,1473.8065647692308,0.20512820512820512,5333.097435897435,8
2024-06-21,Greed,Greed,80,773.5582039999999,9.66947755,0.0375,2203.306125,32
2024-06-22,Neutral,Neutral,24,756.876565,31.536523541666668,0.3333333333333333,7066.427916666667,12
2024-06-23,Greed,Greed,5,0.0,0.0,0.0,358.424,0
2024-06-24,Neutral,Neutral,31,0.0,0.0,0.0,13000.090322580645,25
2024-06-25,Fear,Fear,49,4869.353105,99.3745531632653,0.22448979591836735,2104.062857142857,28
2024-06-26,Neutral,Neutral,72,4197.732182,58.30183586111111,0.2916666666666667,5072.092500000001,31
2024-06-27,Fear,Fear,30,0.0,0.0,0.0,4349.565,18
2024-06-29,Fear,Fear,75,6150.326145,82.0043486,0.32,3734.6014666666665,28
2024-06-30,Neutral,Neutral,14,0.0,0.0,0.0,2180.049285714286,3
2024-07-01,Neutral,Neutral,64,5065.839308,79.1537391875,0.40625,5666.721093749999,39
2024-07-02,Neutral,Neutral,18,2421.253116,134.514062,0.7222222222222222,1852.6372222222224,8
2024-07-03,Neutral,Neutral,18,1118.387284,62.132626888888886,0.2222222222222222,9977.814444444444,11
2024-07-04,Fear,Fear,25,0.0,0.0,0.0,17222.720400000002,22
2024-07-05,Fear,Fear,32,0.0,0.0,0.0,8509.0590625,20
2024-07-06,Fear,Fear,24,108.87217799999999,4.53634075,0.2916666666666667,103.75708333333334,0
2024-07-07,Fear,Fear,10,61.428942,6.1428942,1.0,49.875,0
2024-07-08,Fear,Fear,1,0.0,0.0,0.0,497.64,0
2024-07-09,Fear,Fear,15,648.984412,43.265627466666665,1.0,182.42999999999998,0
2024-07-10,Fear,Fear,56,11977.734907,213.88812333928573,0.6785714285714286,12283.93232142857,51
2024-07-11,Fear,Fear,19,1876.812082,98.77958326315789,0.47368421052631576,8941.422105263156,19
2024-07-12,Fear,Fear,19,1412.314654,74.33235021052631,0.47368421052631576,4714.893157894737,19
2024-07-13,Fear,Fear,17,2913.617837,171.38928452941175,1.0,8187.599411764706,13
2024-07-14,Fear,Fear,7,0.0,0.0,0.0,12000.16142857143,7
2024-07-15,Neutral,Neutral,26,-1.0,-0.038461538461538464,0.0,7628.6480769230775,26
2024-07-16,Greed,Greed,22,0.0,0.0,0.0,6545.480454545454,22
2024-07-17,Greed,Greed,351,1859.269477,5.297064037037037,0.4131054131054131,1783.4915384615385,351
2024-07-18,Greed,Greed,60,3803.884311,63.398071849999994,0.8,10828.414166666666,60
2024-07-19,Greed,Greed,23,2155.891114,93.73439626086956,0.5217391304347826,6533.453043478262,23
2024-07-20,Greed,Greed,266,2299.169566,8.643494609022557,0.12406015037593984,918.65492481203,266
2024-07-21,Greed,Greed,448,-2960.716887,-6.608743051339286,0.046875,523.0077232142856,448
2024-07-22,Greed,Greed,154,1517.119876,9.851427766233765,0.14285714285714285,1975.4142857142856,154
2024-07-23,Greed,Greed,370,89890.302206,242.9467627189189,0.8891891891891892,968.9906486486486,370
2024-07-24,Greed,Greed,90,625.561479,6.9506831,0.2,768.977,30
2024-07-25,Greed,Greed,78,916.7382600000001,11.753054615384617,0.1282051282051282,6776.350128205129,75
2024-07-26,Greed,Greed,152,2766.513113,18.200744164473683,0.40131578947368424,3609.1292763157894,150
2024-07-27,Greed,Greed,57,6400.623656,112.2916430877193,0.7368421052631579,15880.697368421053,56
2024-07-28,Greed,Greed,16,587.29903,36.706189375,0.75,2703.4175,16
2024-07-29,Greed,Greed,39,330.80445399999996,8.482165487179486,0.41025641025641024,8389.72153846154,39
2024-07-30,Greed,Greed,6,0.0,0.0,0.0,6001.078333333334,6
2024-07-31,Greed,Greed,43,765.690884,17.806764744186047,0.32558139534883723,1965.2683720930231,43
2024-08-01,Neutral,Neutral,57,167.080017,2.9312283684210527,0.07017543859649122,3996.044385964912,51
2024-08-02,Greed,Greed,63,782.3681909999999,12.418542714285714,0.2698412698412698,6290.799523809524,61
2024-08-03,Fear,Fear,37,464.1897,12.545667567567568,0.02702702702702703,7852.239459459459,35
2024-08-04,Fear,Fear,127,-122672.000883,-965.9212667952756,0.023622047244094488,9509.795826771655,114
2024-08-05,Fear,Fear,80,-13013.665169,-162.6708146125,0.4125,5256.1925,48
2024-08-06,Extreme Fear,Fear,107,267.318048,2.4982995140186914,0.12149532710280374,574.5642990654205,5
2024-08-07,Fear,Fear,33,188.789255,5.720886515151515,0.30303030303030304,75.53848484848484,0
2024-08-08,Extreme Fear,Fear,9,-40.712216999999995,-4.5235796666666666,0.0,1811.038888888889,2
2024-08-09,Neutral,Neutral,144,18082.071276,125.56993941666666,0.2986111111111111,3494.4781944444444,117
2024-08-10,Fear,Fear,88,0.0,0.0,0.0,128.8555681818182,0
2024-08-11,Fear,Fear,24,847.7766200000001,35.32402583333334,0.16666666666666666,1842.9254166666667,8
2024-08-12,Fear,Fear,48,858.6705000000001,17.88896875,0.125,1128.4858333333334,24
2024-08-13,Fear,Fear,23,212.08102,9.220913913043479,0.34782608695652173,904.2552173913043,12
2024-08-14,Fear,Fear,25,2168.9015130000003,86.75606052,0.2,2668.4012,9
2024-08-15,Fear,Fear,12,0.0,0.0,0.0,126.86416666666668,0
2024-08-16,Fear,Fear,35,825.230544,23.578015542857145,0.08571428571428572,4753.795428571429,10
2024-08-17,Fear,Fear,30,-288.283113,-9.609437100000001,0.0,1008.2986666666667,0
2024-08-18,Fear,Fear,15,307.201888,20.480125866666665,0.8,4186.965333333334,14
2024-08-19,Fear,Fear,8,339.69958299999996,42.462447874999995,0.625,12539.37875,8
2024-08-20,Fear,Fear,12,192.602844,16.050237,0.08333333333333333,4159.566666666667,12
2024-08-21,Fear,Fear,145,656.200925,4.525523620689655,0.3724137931034483,724.0717931034483,145
2024-08-23,Fear,Fear,10,1005.30527,100.53052699999999,0.3,6350.956,10
2024-08-24,Greed,Greed,7,0.0,0.0,0.0,4999.952857142857,7
2024-08-25,Neutral,Neutral,17,0.0,0.0,0.0,1291.1929411764704,9
2024-08-26,Greed,Greed,6,231.236918,38.539486333333336,0.3333333333333333,15435.211666666668,5
2024-08-27,Neutral,Neutral,50,0.0,0.0,0.0,1405.0032,7
2024-08-28,Fear,Fear,9,1333.359645,148.15107166666667,0.2222222222222222,7906.674444444444,9
2024-08-29,Fear,Fear,1,0.0,0.0,0.0,9995.85,1
2024-08-30,Fear,Fear,6,256.464,42.744,0.16666666666666666,6205.54,4
2024-08-31,Fear,Fear,34,10.882801,0.3200823823529412,0.35294117647058826,3161.983235294118,17
2024-09-01,Fear,Fear,12,137.433093,11.452757750000002,0.4166666666666667,1029.9733333333334,11
2024-09-02,Fear,Fear,2,0.0,0.0,0.0,15000.21,2
2024-09-04,Fear,Fear,34,1065.785132,31.346621529411763,0.14705882352941177,3867.0873529411765,9
2024-09-05,Fear,Fear,1,0.0,0.0,0.0,0.84,0
2024-09-06,Extreme Fear,Fear,42,-1104.856765,-26.306113452380952,0.0,929.6928571428571,4
2024-09-08,Fear,Fear,1,0.0,0.0,0.0,0.11,0
2024-09-09,Fear,Fear,2,0.0,0.0,0.0,2007.2150000000001,0
2024-09-10,Fear,Fear,3,-219.729659,-73.24321966666666,0.0,849.0933333333334,2
2024-09-11,Fear,Fear,1,0.0,0.0,0.0,0.54,0
2024-09-14,Neutral,Neutral,11,0.0,0.0,0.0,92.25454545454546,0
2024-09-18,Neutral,Neutral,145,-878.684794,-6.059895131034483,0.0,94.02413793103449,0
2024-09-19,Neutral,Neutral,19,0.0,0.0,0.0,80.09842105263158,0
2024-09-20,Neutral,Neutral,16,9585.03428,599.0646425,0.5,20804.58625,16
2024-09-21,Neutral,Neutral,23,36165.56933,1572.416057826087,1.0,7202.092173913044,23
2024-09-22,Neutral,Neutral,3,0.0,0.0,0.0,6666.579999999999,3
2024-09-23,Neutral,Neutral,2,334.760796,167.380398,0.5,20167.145,2
2024-09-24,Neutral,Neutral,10,0.0,0.0,0.0,711.863,1
2024-09-25,Greed,Greed,9,0.0,0.0,0.0,5861.570000000001,9
2024-09-26,Neutral,Neutral,8,439.812513,54.976564125,0.25,14213.991250000001,8
2024-09-27,Greed,Greed,56,0.0,0.0,0.0,2251.732857142857,56
2024-09-28,Greed,Greed,4,0.0,0.0,0.0,7299.8025,4
2024-09-30,Greed,Greed,106,2710.626288,25.571946113207545,0.04716981132075472,2025.1872641509435,106
2024-10-01,Neutral,Neutral,4,0.0,0.0,0.0,34988.58,4
2024-10-02,Fear,Fear,4,0.0,0.0,0.0,24988.585,4
2024-10-03,Fear,Fear,9,100.375782,11.152864666666666,0.3333333333333333,14770.632222222222,9
2024-10-04,Fear,Fear,1,0.0,0.0,0.0,0.34,0
2024-10-05,Neutral,Neutral,37,5767.161892,155.86924032432432,0.6486486486486487,16367.722702702702,36
2024-10-06,Neutral,Neutral,22,130.487079,5.9312308636363635,0.22727272727272727,13642.298181818182,22
2024-10-07,Neutral,Neutral,21,0.0,0.0,0.0,10475.459523809524,21
2024-10-08,Neutral,Neutral,36,5396.546638,149.90407327777777,0.9166666666666666,12071.781388888889,34
2024-10-09,Neutral,Neutral,14,396.06272,28.290194285714286,0.21428571428571427,15742.852142857142,14
2024-10-10,Fear,Fear,16,0.0,0.0,0.0,18751.521249999998,16
2024-10-11,Fear,Fear,26,8885.327477,341.74336450000004,0.6923076923076923,18804.007307692307,25
2024-10-12,Neutral,Neutral,10,541.55471,54.155471,0.7,15971.34,10
2024-10-13,Neutral,Neutral,10,0.0,0.0,0.0,6000.242,10
2024-10-14,Neutral,Neutral,5,1913.61958,382.72391600000003,1.0,12383.204000000002,5
2024-10-15,Greed,Greed,7,1170.2260760000001,167.17515371428573,0.5714285714285714,11596.194285714286,7
2024-10-16,Greed,Greed,11,219.480876,19.95280690909091,0.2727272727272727,7293.560909090909,11
2024-10-17,Greed,Greed,9,36.11496,4.0127733333333335,0.1111111111111111,15614.638888888889,9
2024-10-18,Greed,Greed,6,333.219141,55.536523499999994,0.8333333333333334,20055.238333333335,6
2024-10-19,Greed,Greed,4,0.0,0.0,0.0,24999.215,4
2024-10-20,Greed,Greed,96,389.155797,4.05370621875,0.11458333333333333,1837.9985416666668,96
2024-10-21,Greed,Greed,173,2464.915564,14.248066843930635,0.3930635838150289,1873.5143930635838,173
2024-10-22,Greed,Greed,3,0.0,0.0,0.0,20000.12,3
2024-10-23,Greed,Greed,18,-46.489941,-2.5827745,0.0,11667.003888888888,18
2024-10-25,Greed,Greed,30,13235.862071,441.19540236666666,0.7,14262.772666666666,30
2024-10-27,Greed,Greed,4,666.6623079999999,166.66557699999998,0.75,22666.1025,4
2024-10-28,Greed,Greed,13,167.28016200000002,12.867704769230771,0.3076923076923077,9345.788461538461,10
2024-10-29,Greed,Greed,53,801.170876,15.11643162264151,0.05660377358490566,11571.09075471698,53
2024-10-30,Extreme Greed,Greed,25,9.150023,0.36600091999999995,0.28,473.23400000000004,25
2024-10-31,Extreme Greed,Greed,48,1214.043811,25.292579395833332,0.7083333333333334,18670.278333333332,48
2024-11-01,Extreme Greed,Greed,23,1040.475736,45.238075478260875,0.2608695652173913,11347.001304347827,23
2024-11-02,Greed,Greed,2,0.0,0.0,0.0,20000.0,2
2024-11-03,Greed,Greed,6,0.0,0.0,0.0,21509.27666666667,6
2024-11-04,Greed,Greed,36,2799.410474,77.76140205555555,0.6388888888888888,12550.332499999999,36
2024-11-05,Greed,Greed,10,678.4759280000001,67.8475928,0.5,20062.723,10
2024-11-06,Greed,Greed,15,2817.83723,187.85581533333334,0.4666666666666667,8260.46,15
2024-11-07,Extreme Greed,Greed,113,4493.353136,39.764187044247784,0.5309734513274337,985.2681415929204,18
2024-11-08,Extreme Greed,Greed,39,-64.41354100000007,-1.6516292564102582,0.15384615384615385,6941.036923076923,39
2024-11-09,Extreme Greed,Greed,86,102.90894,1.196615581395349,0.22093023255813954,2248.655930232558,86
2024-11-10,Extreme Greed,Greed,173,991.114334,5.728984589595376,0.2947976878612717,2390.963583815029,173
2024-11-11,Extreme Greed,Greed,373,6749.630996,18.09552545844504,0.24664879356568364,4210.649919571046,373
2024-11-12,Extreme Greed,Greed,171,3494.399394,20.435084175438597,0.19883040935672514,7171.663859649123,171
2024-11-13,Extreme Greed,Greed,48,7846.402274,163.46671404166668,0.5625,10736.174375,48
2024-11-14,Extreme Greed,Greed,110,4563.509225,41.4864475,0.2545454545454545,9166.925545454545,110
2024-11-15,Extreme Greed,Greed,149,4140.740438,27.790204281879195,0.3691275167785235,9582.942416107382,149
2024-11-16,Extreme Greed,Greed,157,2769.521909,17.640266936305732,0.3057324840764331,1931.822101910828,141
2024-11-17,Extreme Greed,Greed,209,882.975285,4.224762129186603,0.23444976076555024,5818.122344497608,207
2024-11-18,Extreme Greed,Greed,346,4470.815187,12.921431176300578,0.3583815028901734,6024.102832369942,330
2024-11-19,Extreme Greed,Greed,305,2958.268991,9.699242593442623,0.4918032786885246,2059.118524590164,300
2024-11-20,Extreme Greed,Greed,550,4210.0928969999995,7.654714358181818,0.3981818181818182,3635.480218181818,548
2024-11-21,Extreme Greed,Greed,535,1692.430891,3.1634222261682243,0.308411214953271,1118.3189158878504,524
2024-11-22,Extreme Greed,Greed,679,-18105.345617,-26.664721085419732,0.3078055964653903,2425.2041531664213,677
2024-11-23,Extreme Greed,Greed,363,2901.531638,7.993200104683195,0.3526170798898072,1422.1644077134986,356
2024-11-24,Extreme Greed,Greed,172,945.550386,5.497385965116279,0.26744186046511625,3866.001627906977,169
2024-11-25,Extreme Greed,Greed,255,5523.740734,21.66172836862745,0.4117647058823529,3676.1210588235294,241
2024-11-26,Extreme Greed,Greed,302,1094.809359,3.6251965529801327,0.2913907284768212,3797.6901986754965,295
2024-11-27,Extreme Greed,Greed,213,-2654.495633,-12.462420812206572,0.3474178403755869,6780.481361502348,209
2024-11-28,Extreme Greed,Greed,332,-127075.39958499999,-382.75722766566264,0.32831325301204817,5705.497439759036,327
2024-11-29,Extreme Greed,Greed,393,176844.994152,449.98726247328244,0.48854961832061067,2021.0252162849874,154
2024-11-30,Extreme Greed,Greed,373,37316.69352,100.04475474530831,0.42091152815013405,4643.950938337802,205
2024-12-01,Extreme Greed,Greed,416,40886.364494,98.28453003365385,0.53125,1958.441875,246
2024-12-02,Extreme Greed,Greed,270,18489.604313,68.48001597407408,0.4074074074074074,2167.568740740741,172
2024-12-03,Extreme Greed,Greed,374,23576.539285,63.03887509358289,0.4304812834224599,2900.177887700535,239
2024-12-04,Extreme Greed,Greed,319,292891.815021,918.1561599404388,0.46394984326018807,2411.5600313479626,195
2024-12-05,Extreme Greed,Greed,456,71574.11848800001,156.96078615789474,0.4232456140350877,2756.0324342105264,364
2024-12-06,Greed,Greed,403,-92624.643895,-229.83782604218362,0.23325062034739455,8612.950918114144,299
2024-12-07,Extreme Greed,Greed,304,85906.279067,282.5864442993421,0.4309210526315789,1485.965197368421,229
2024-12-08,Extreme Greed,Greed,420,15965.933436,38.014127228571425,0.3619047619047619,2221.2850476190474,292
2024-12-09,Extreme Greed,Greed,539,6310.967676,11.708659881261596,0.31910946196660483,1825.5096103896105,251
2024-12-10,Extreme Greed,Greed,1596,39325.770231,24.640206911654136,0.5870927318295739,1973.94992481203,518
2024-12-11,Greed,Greed,1221,319051.554217,261.30348420720725,0.7125307125307125,1796.9683292383293,489
2024-12-12,Extreme Greed,Greed,1932,599151.795008,310.1199767122153,0.6997929606625258,2358.7939285714288,433
2024-12-13,Extreme Greed,Greed,1173,31935.901745,27.22583268968457,0.40153452685422,2455.9459846547315,637
2024-12-14,Extreme Greed,Greed,1235,167801.399244,135.87157833522267,0.47368421052631576,1918.6735060728743,880
2024-12-15,Extreme Greed,Greed,1697,97525.315279,57.4692488385386,0.24572775486152032,1522.256812021214,957
2024-12-16,Extreme Greed,Greed,1055,166774.344133,158.07994704549765,0.5071090047393365,2597.9231943127966,554
2024-12-17,Extreme Greed,Greed,1941,219591.305172,113.13307839876352,0.4363730036063885,2696.3408706852138,1111
2024-12-18,Extreme Greed,Greed,1429,13682.994673,9.575223703988803,0.36599020293911827,2658.423421973408,732
2024-12-19,Extreme Greed,Greed,3339,62744.004486000005,18.79125621024259,0.6148547469302186,2468.316678646301,1012
2024-12-20,Greed,Greed,2488,254969.660039,102.47976689670418,0.5558681672025724,3087.3290635048234,1004
2024-12-21,Greed,Greed,1681,150022.163157,89.24578415050566,0.5496728138013087,2607.302272456871,686
2024-12-22,Greed,Greed,774,352197.163973,455.03509557235145,0.4354005167958656,3988.7858139534887,612
2024-12-23,Greed,Greed,2347,-29430.626577,-12.53967898466127,0.2901576480613549,2885.333728163613,707
2024-12-24,Greed,Greed,338,14813.780116,43.827751822485205,0.33727810650887574,5227.917485207101,221
2024-12-25,Greed,Greed,208,756.6570469999998,3.637774264423076,0.30288461538461536,1672.5449519230767,131
2024-12-26,Extreme Greed,Greed,697,60228.639722,86.41124780774749,0.5136298421807748,3163.9062410329984,269
2024-12-27,Greed,Greed,260,2672.811035,10.280042442307693,0.4230769230769231,1338.126923076923,222
2024-12-28,Greed,Greed,161,940.673623,5.842693310559007,0.22981366459627328,1748.7888819875777,121
2024-12-29,Greed,Greed,201,2884.067927,14.348596651741294,0.31840796019900497,1714.5698507462685,170
2024-12-30,Greed,Greed,304,9009.738137,29.637296503289473,0.39473684210526316,3532.453059210526,228
2024-12-31,Greed,Greed,306,5445.01281,17.794159509803922,0.3006535947712418,2866.551045751634,261
2025-01-01,Greed,Greed,96,-9528.065345,-99.25068067708334,0.3020833333333333,2943.5635416666664,49
2025-01-02,Greed,Greed,361,8716.519087,24.145482235457067,0.45706371191135736,2145.9136842105263,314
2025-01-03,Greed,Greed,508,6028.486793,11.867099986220472,0.27165354330708663,1518.1279330708662,444
2025-01-04,Greed,Greed,371,2553.537968,6.882851665768194,0.20215633423180593,4921.912722371967,337
2025-01-05,Greed,Greed,239,3187.719363,13.337737920502093,0.41841004184100417,1890.977280334728,195
2025-01-06,Extreme Greed,Greed,573,6064.185393,10.583220581151831,0.15532286212914484,971.2512914485166,473
2025-01-07,Extreme Greed,Greed,637,16098.227531,25.271942748822607,0.7613814756671899,2061.504081632653,615
2025-01-08,Greed,Greed,1039,130117.090554,125.23300342059672,0.37151106833493747,3058.0126852743024,936
2025-01-09,Greed,Greed,522,46975.928902,89.99220096168582,0.2777777777777778,1955.427681992337,484
2025-01-10,Neutral,Neutral,819,-10116.875552,-12.352717401709402,0.5274725274725275,7994.444053724053,801
2025-01-11,Greed,Greed,283,2269.080536,8.017952424028268,0.24381625441696114,5859.006042402827,237
2025-01-12,Greed,Greed,602,5742.241803,9.538607646179402,0.7840531561461794,3751.59330564784,583
2025-01-13,Greed,Greed,408,9655.429352,23.66526801960784,0.3872549019607843,7197.666691176471,331
2025-01-14,Greed,Greed,275,16069.512355,58.43459038181818,0.49818181818181817,3187.5708,192
2025-01-15,Greed,Greed,267,14819.5883,55.50407602996255,0.4606741573033708,6747.565131086143,236
2025-01-16,Extreme Greed,Greed,371,20807.709328,56.08546988679245,0.3423180592991914,8220.196657681941,338
2025-01-17,Extreme Greed,Greed,238,7006.415608,29.43872104201681,0.5294117647058824,4664.8338655462185,203
2025-01-18,Extreme Greed,Greed,651,443.2330819999997,0.6808495883256523,0.38095238095238093,4165.330076804916,578
2025-01-19,Extreme Greed,Greed,1567,87923.799302,56.10963580216975,0.20229738353541799,6199.8821314613915,1361
2025-01-20,Extreme Greed,Greed,1315,87277.239173,66.37052408593155,0.5224334600760456,6302.149817490495,1114
2025-01-21,Extreme Greed,Greed,530,11077.839421,20.901583813207548,0.3867924528301887,2874.961924528302,428
2025-01-22,Extreme Greed,Greed,832,20524.408057,24.66875968389423,0.28125,2137.5077283653845,775
2025-01-23,Extreme Greed,Greed,1218,101256.24216,83.13320374384236,0.6609195402298851,3035.3273070607556,1177
2025-01-24,Extreme Greed,Greed,874,10602.779738,12.131326931350113,0.5583524027459954,1843.7453661327231,423
2025-01-25,Extreme Greed,Greed,506,-10348.016255999999,-20.450625011857706,0.27865612648221344,2449.363043478261,361
2025-01-26,Greed,Greed,451,40823.466668,90.51766445232816,0.43458980044345896,2663.3562305986693,399
2025-01-27,Greed,Greed,773,41331.765392,53.469295461837,0.4760672703751617,1950.8775032341528,546
2025-01-28,Greed,Greed,498,17979.613973,36.103642516064255,0.6285140562248996,1163.4782530120483,333
2025-01-29,Greed,Greed,910,23421.01147,25.737375241758244,0.4164835164835165,2085.1795714285713,743
2025-01-30,Greed,Greed,1067,23097.471385,21.64711470009372,0.3467666354264292,2825.114498594189,921
2025-01-31,Extreme Greed,Greed,1016,35868.296773,35.303441705708664,0.5413385826771654,2739.578228346457,877
2025-02-01,Greed,Greed,634,32300.205017,50.946695610410096,0.5962145110410094,2151.019621451104,379
2025-02-02,Greed,Greed,1319,162854.759623,123.46835452843062,0.35860500379075055,4291.957763457164,767
2025-02-03,Fear,Fear,2380,348871.326269,146.58459086932774,0.4634453781512605,9492.815701680673,1999
2025-02-04,Greed,Greed,2512,416876.88812,165.9541752070064,0.276671974522293,6241.404964171974,2413
2025-02-05,Neutral,Neutral,1297,56706.235562,43.721075992289904,0.3215111796453354,6741.1191287586735,961
2025-02-06,Neutral,Neutral,1703,33803.799733,19.84955944392249,0.46095126247798,1655.0257604227834,1510
2025-02-07,Fear,Fear,1524,22450.002091,14.730972500656167,0.2821522309711286,2270.5141338582675,1327
2025-02-08,Fear,Fear,575,586.703253,1.0203534834782608,0.19130434782608696,1460.4086434782607,386
2025-02-09,Neutral,Neutral,764,150551.829492,197.05736844502616,0.4306282722513089,3823.19332460733,686
2025-02-10,Fear,Fear,889,63908.49465,71.88807047244094,0.4780652418447694,4077.5685489313837,744
2025-02-11,Neutral,Neutral,848,-6093.784817,-7.186067001179245,0.21816037735849056,3298.990766509434,456
2025-02-12,Neutral,Neutral,1031,19848.635032,19.251828353055284,0.4626576139670223,4019.3739476236665,922
2025-02-13,Neutral,Neutral,1370,27829.534238,20.313528640875912,0.4678832116788321,2335.6585474452554,1259
2025-02-14,Neutral,Neutral,1655,213860.675308,129.22095184773414,0.42900302114803623,2421.210525679758,1088
2025-02-15,Neutral,Neutral,932,45042.92701,48.32932082618026,0.4302575107296137,1837.8250536480687,859
2025-02-16,Neutral,Neutral,681,2369.478425,3.4794103157121876,0.44052863436123346,1183.8144493392072,557
2025-02-17,Neutral,Neutral,941,1818.573295,1.9325964877789585,0.22422954303931988,2158.3896280552603,448
2025-02-18,Neutral,Neutral,1676,91204.672403,54.418062292959426,0.5119331742243437,2011.413293556086,1040
2025-02-19,Fear,Fear,1361,14985.794701,11.010870463629685,0.4276267450404115,2398.185334313005,950
2025-02-20,Neutral,Neutral,2012,46008.794102,22.867193887673956,0.47912524850894633,2300.5016351888667,1899
2025-02-21,Greed,Greed,1873,119693.49395,63.904695114789114,0.5221569674319274,2120.747399893219,1838
2025-02-22,Neutral,Neutral,686,25278.704178,36.849423,0.4970845481049563,4629.111078717201,665
2025-02-23,Neutral,Neutral,520,10656.934251,20.494104328846156,0.45,2194.8283461538463,445
2025-02-24,Neutral,Neutral,5616,38470.176242,6.850102607193732,0.39672364672364674,1998.5077617521367,5136
2025-02-25,Fear,Fear,6246,204762.177034,32.782929400256165,0.260646813960935,3108.3868651937237,5341
2025-02-26,Extreme Fear,Fear,1176,63229.063129,53.76621014370748,0.6709183673469388,4206.597049319727,1082
2025-02-27,Extreme Fear,Fear,890,-36525.167517,-41.039514064044944,0.27752808988764044,2247.0768876404495,841
2025-02-28,Extreme Fear,Fear,1019,225628.108748,221.4211077016683,0.3886162904808636,4046.7721000981355,830
2025-03-01,Extreme Fear,Fear,174,10596.108968,60.897177977011495,0.4482758620689655,1516.230632183908,153
2025-03-02,Fear,Fear,532,66914.320708,125.77879832330827,0.5018796992481203,12144.452518796992,438
2025-03-03,Fear,Fear,1482,616413.032233,415.9332201302294,0.6153846153846154,5563.151403508772,1364
2025-03-04,Extreme Fear,Fear,2402,182075.566585,75.80165136761032,0.25353871773522063,4631.24360949209,2076
2025-03-05,Extreme Fear,Fear,1660,269328.365917,162.24600356445782,0.7584337349397591,5538.345915662651,1535
2025-03-06,Fear,Fear,760,16101.125561,21.18569152763158,0.48026315789473684,8901.743368421052,682
2025-03-07,Fear,Fear,2552,150236.061627,58.86993010462382,0.5223354231974922,7779.888510971787,2410
2025-03-08,Fear,Fear,529,24700.773359,46.69333338185255,0.5689981096408318,1686.3582419659735,336
2025-03-09,Fear,Fear,1422,19773.457395,13.905384947257385,0.4409282700421941,7327.495070323488,1187
2025-03-10,Extreme Fear,Fear,2911,-10010.027269999999,-3.438690233596702,0.39745791824115423,5775.263029886637,2664
2025-03-11,Extreme Fear,Fear,3286,-76880.729036,-23.3964482763238,0.18746195982958003,4265.657970176507,3020
2025-03-12,Fear,Fear,3968,288105.984215,72.60735489289314,0.5645161290322581,4692.071358366935,3546
2025-03-13,Neutral,Neutral,962,14114.870873,14.672422944906446,0.4573804573804574,3415.375488565489,926
2025-03-14,Fear,Fear,2210,68646.160089,31.061610899999998,0.8538461538461538,3641.261158371041,2206
2025-03-15,Neutral,Neutral,261,78694.624572,301.51197154022987,0.5938697318007663,9025.86030651341,261
2025-03-16,Fear,Fear,530,-7910.943544999999,-14.926308575471696,0.2320754716981132,19222.49341509434,503
2025-03-17,Fear,Fear,920,26163.906513,28.439028818478263,0.4532608695652174,3905.320706521739,824
2025-03-18,Fear,Fear,834,72322.788824,86.71797221103118,0.22541966426858512,4856.901043165468,834
2025-03-19,Fear,Fear,1612,29374.682341,18.222507655707197,0.4162531017369727,2852.8620161290323,1538
2025-03-20,Neutral,Neutral,771,10246.859436,13.290349463035021,0.4085603112840467,2143.0063942931256,768
2025-03-21,Fear,Fear,698,6951.270374,9.958840077363897,0.5,3644.560730659026,682
2025-03-22,Fear,Fear,535,12498.535254,23.361748138317758,0.4747663551401869,1816.4662056074767,509
2025-03-23,Fear,Fear,447,14047.421585,31.425999071588368,0.32662192393736017,5802.057427293064,400
2025-03-24,Neutral,Neutral,1027,107878.961301,105.04280555111977,0.6153846153846154,2938.254186952288,972
2025-03-25,Neutral,Neutral,791,32030.90678,40.49419314791403,0.3615676359039191,6792.060391908975,759
2025-03-26,Neutral,Neutral,3102,15802.167427,5.094186791424887,0.27111540941328177,2449.30830754352,2988
2025-03-27,Fear,Fear,785,58825.359221,74.9367633388535,0.33375796178343947,4127.744535031847,751
2025-03-28,Fear,Fear,728,21337.179335,29.30931227335165,0.3173076923076923,2037.2151236263737,659
2025-03-29,Fear,Fear,1894,12098.872931,6.38800049155227,0.3558606124604013,1936.7221911298839,1789
2025-03-30,Fear,Fear,568,15795.11514,27.8083013028169,0.16549295774647887,5019.146056338028,557
2025-03-31,Fear,Fear,495,6978.184557,14.097342539393939,0.5232323232323233,4373.277717171717,311
2025-04-01,Fear,Fear,192,-2202.6622420000003,-11.472199177083334,0.4583333333333333,3668.9853645833336,177
2025-04-02,Fear,Fear,1076,202212.740938,187.930056633829,0.8949814126394052,3594.7310408921935,1056
2025-04-03,Fear,Fear,1748,-2365.961276,-1.353524757437071,0.2974828375286041,4960.087614416476,1725
2025-04-04,Fear,Fear,1272,-25515.678949999998,-20.05949602987421,0.38757861635220126,3015.3661399371067,1216
2025-04-05,Fear,Fear,360,35907.33771,99.74260475,0.5805555555555556,3521.011722222222,340
2025-04-06,Fear,Fear,1048,47053.449272,44.89832945801527,0.31679389312977096,3388.59929389313,1013
2025-04-07,Extreme Fear,Fear,2814,34527.370305,12.269854408315563,0.23916133617626156,5138.682707889126,2713
2025-04-08,Extreme Fear,Fear,943,34899.394798,37.00890222481442,0.4093319194061506,9405.505196182397,839
2025-04-09,Extreme Fear,Fear,3967,43120.444797,10.86978694151752,0.43055205444920597,7198.589984875221,3784
2025-04-10,Fear,Fear,2127,158261.822261,74.40612236060178,0.5289139633286318,13512.90704748472,2096
2025-04-11,Fear,Fear,1096,126406.479081,115.33437872354014,0.3357664233576642,10327.853166058394,1032
2025-04-12,Fear,Fear,2109,410419.694533,194.60393292223802,0.2721669037458511,26512.383826458037,2024
2025-04-13,Neutral,Neutral,1321,48696.021521,36.86299888039364,0.3618470855412566,10727.596358819075,1263
2025-04-14,Fear,Fear,890,45680.443063,51.32634052022472,0.42247191011235957,14696.598853932584,853
2025-04-15,Fear,Fear,1131,72357.706282,63.976751796640144,0.5720601237842617,18348.51303271441,1117
2025-04-16,Fear,Fear,1608,58631.730257,36.46251881654229,0.3401741293532338,22700.69396766169,1495
2025-04-17,Fear,Fear,1031,5427.919886,5.264713759456837,0.30358874878758485,2526.238128031038,1003
2025-04-18,Fear,Fear,1894,4880.4047439999995,2.576771248152059,0.5126715945089757,12994.007634635693,1530
2025-04-19,Fear,Fear,2786,71950.577495,25.82576363783202,0.2921751615218952,11739.577426417804,2440
2025-04-20,Fear,Fear,1982,25060.341936,12.643966668012109,0.3985872855701312,6118.110015136226,1548
2025-04-21,Fear,Fear,1718,34369.267906999994,20.005394590803256,0.3940628637951106,24507.598859138536,1503
2025-04-22,Neutral,Neutral,2998,58652.763578,19.563963835223483,0.2961974649766511,11258.714222815212,2995
2025-04-23,Greed,Greed,6159,-419020.225731,-68.03380836678032,0.324728040266277,4981.72492125345,5657
2025-04-24,Greed,Greed,2232,50704.395965,22.717023281810036,0.4135304659498208,15720.841684587815,1887
2025-04-25,Greed,Greed,1653,20218.859206,12.231614764670297,0.38596491228070173,16787.32957047792,1340
2025-04-26,Greed,Greed,1131,-4125.753942,-3.6478814694960215,0.1724137931034483,10564.215534924844,731
2025-04-27,Greed,Greed,337,2702.067468,8.018004356083086,0.3560830860534125,1446.6993768545994,208
2025-04-28,Neutral,Neutral,1379,36906.813759,26.763461754169686,0.4169688179840464,18944.83066715011,1193
2025-04-29,Greed,Greed,2243,125749.613427,56.06313572313866,0.43201069995541685,15198.177289344627,2027
2025-04-30,Greed,Greed,1113,14003.797269,12.582028094339623,0.26504941599281223,11405.10229110512,672
2025-05-01,Neutral,Neutral,1230,54536.829297000004,44.338885607317074,0.43089430894308944,8715.642699186992,684
